,accuracy,precision,recall,f1
Overall,0.7396955068696621,0.7437349630650563,0.7254716326968845,0.7281056782454787
Code Development,0.7209302325581395,0.6838144963144963,0.7611940298507462,0.6812792752603676
Code Execution,0.7385714285714285,0.7200179850922618,0.7009227614490772,0.7070347489974662
Result Analysis,0.8961038961038961,0.9015151515151515,0.7857843137254902,0.8253968253968254
