,accuracy,precision,recall,f1
Overall,0.8273301151132566,0.8265882210159319,0.8310560680350016,0.8265894392858434
Code Development,0.8023255813953488,0.7149454938836648,0.7254516889238021,0.7198279533259517
Code Execution,0.8285714285714286,0.8167137525079665,0.8354066985645934,0.821639388817639
Result Analysis,0.961038961038961,0.935969868173258,0.9539215686274509,0.9445378151260504
