,accuracy,precision,recall,f1
Overall,0.6320089119940586,0.6399949660206393,0.602639666803858,0.5895658654570011
Code Development,0.6027131782945736,0.6561381490261702,0.7198874050798638,0.5875299760191846
Code Execution,0.6309523809523809,0.579107838180066,0.5536226930963773,0.543534470790273
Result Analysis,0.8571428571428571,0.8015873015873016,0.7607843137254902,0.7778651980068187
