,accuracy,precision,recall,f1
Overall,0.844040103973264,0.8421854668640911,0.8411720693234078,0.8416478502210933
Code Development,0.8042635658914729,0.7252439817826936,0.7644016758313694,0.7396894214488006
Code Execution,0.8509523809523809,0.8387394755693997,0.8421394395078605,0.8403572810365192
Result Analysis,0.922077922077922,0.9224759615384616,0.8446078431372549,0.8758064516129033
