,accuracy,precision,recall,f1
Overall,0.8070398642917727,0.8482315199956502,0.7612123033976036,0.7752354456314636
Code Development,0.7170542635658915,0.6676166614469151,0.7335689971196648,0.6693469101123595
Code Execution,0.830028328611898,0.8781912413573507,0.7095611749471475,0.7414722459836651
Result Analysis,0.8831168831168831,0.8902985074626866,0.7563725490196078,0.7979002624671916
